{"rmse_train": 12.1327049674166, "rmse_test": 44.41822811972578, "r2_train": 0.9716774792154589, "r2_test": 0.626900086163833}